{"absc": [0.14687719063991722, 0.13953333110792135, 0.21964816236605803, 0.13953333110792135, 0.17291451079881165, 0.2176452915846046, 0.23366825783623194, 0.12684848282538305, 0.24768835330640587, 0.15155055579664187, 0.09346730313449278, 0.12551323563774744, 0.2390092465867744, 0.24034449377441, 0.3037687351871015, 0.23767399939913877, 0.37921020128851357, 0.18292886470607872, 0.1689087692359048, 0.32045932503254665, 0.12951897720065428, 0.2183129151784224, 0.11082551657375572, 0.16089728611009113, 0.17625262876790068, 0.18626698267516775, 0.24568548252495245, 0.2036251961144307, 0.14754481423373503, 0.2650465667456688, 0.09880829188503522, 0.24368261174349903, 0.21964816236605803, 0.26704943752712224, 0.15155055579664187, 0.20896618486497315, 0.1582267917348199, 0.16957639282972262, 0.17024401642354042, 0.13753046032646796, 0.14086857829555696, 0.25770270721367294, 0.12751610641920086, 0.21898053877224022, 0.12885135360683647, 0.09346730313449278, 0.11015789297993792, 0.15221817939045967, 0.24835597690022368, 0.09346730313449278, 0.25903795440130856, 0.3838835664452382, 0.07944720766431886, 0.34048803284708085, 0.03137830890943686, 0.18292886470607872, 0.2269920218980539, 0.2396768701805922, 0.11149314016757353, 0.15689154454718432, 0.12284274126247623, 0.17825549954935407, 0.2757285442467537, 0.11082551657375572, 0.08211770203959008, 0.18826985345662117, 0.20629569048970192, 0.13485996595119673, 0.15221817939045967, 0.17424975798644726, 0.11883699969956939, 0.3177888306572754, 0.23300063424241413, 0.19694896017625263, 0.11216076376139134, 0.1328570951697433, 0.2897486397169276, 0.10748739860466669, 0.11549888173048037, 0.20629569048970192, 0.13552758954501454, 0.06275661781887372, 0.192275595019528, 0.26704943752712224, 0.15956203892245552, 0.34983476316053014, 0.14687719063991722, 0.19294321861334582, 0.11282838735520914, 0.2630436959642154, 0.12684848282538305, 0.17358213439262946, 0.06542711219414495, 0.26838468471475785, 0.14754481423373503, 0.25770270721367294, 0.10147878626030644, 0.11616650532429816, 0.14287144907701038, 0.1916079714257102], "ord": [0.1007070707070707, 0.09585858585858587, 0.1007070707070707, 0.09585858585858587, 0.1006060606060606, 0.1404040404040404, 0.12383838383838384, 0.10303030303030303, 0.1008080808080808, 0.09898989898989899, 0.19434343434343435, 0.16727272727272727, 0.13515151515151516, 0.4409090909090909, 0.21565656565656566, 0.4224242424242424, 0.24252525252525253, 0.34444444444444444, 0.6393939393939394, 0.35494949494949496, 0.5002020202020202, 0.5688888888888889, 0.5265656565656566, 0.5696969696969697, 0.5334343434343435, 0.6017171717171718, 0.7481818181818182, 0.6538383838383839, 0.5503030303030303, 0.4074747474747475, 0.7182828282828283, 0.594040404040404, 0.7509090909090909, 0.6441414141414141, 0.7295959595959596, 0.6528282828282829, 0.6945454545454546, 0.6176767676767677, 0.7717171717171717, 0.7568686868686869, 0.6552525252525252, 0.7027272727272728, 0.5977777777777777, 0.7201010101010101, 0.6735353535353535, 0.7118181818181818, 0.2388888888888889, 0.7561616161616161, 0.41505050505050506, 0.6862626262626262, 0.7047474747474748, 0.7178787878787879, 0.824949494949495, 0.7491919191919192, 0.6937373737373738, 0.7793939393939394, 0.7991919191919192, 0.692020202020202, 0.7363636363636363, 0.8022222222222222, 0.8253535353535354, 0.7369696969696969, 0.7445454545454545, 0.84, 0.7533333333333333, 0.8327272727272728, 0.6964646464646465, 0.8327272727272728, 0.8316161616161616, 0.7245454545454545, 0.7536363636363637, 0.7685858585858586, 0.7729292929292929, 0.6861616161616162, 0.741010101010101, 0.7107070707070707, 0.6868686868686869, 0.7742424242424243, 0.7736363636363637, 0.8043434343434344, 0.8387878787878787, 0.8272727272727273, 0.7647474747474747, 0.6408080808080808, 0.7775757575757576, 0.5796969696969697, 0.7269696969696969, 0.7392929292929293, 0.7854545454545454, 0.8081818181818182, 0.7425252525252525, 0.8061616161616162, 0.702929292929293, 0.8238383838383838, 0.825050505050505, 0.7918181818181819, 0.8356565656565657, 0.8225252525252525, 0.8459595959595959, 0.7765656565656566]}